{
  "name": "angular-messages",
  "version": "1.6.10",
  "license": "MIT",
  "main": "./angular-messages.js",
  "ignore": [],
  "dependencies": {
    "angular": "1.6.10"
  },
  "homepage": "https://github.com/angular/bower-angular-messages",
  "_release": "1.6.10",
  "_resolution": {
    "type": "version",
    "tag": "v1.6.10",
    "commit": "f598436ddf089b97a47e2626b5f0a41cc7035746"
  },
  "_source": "https://github.com/angular/bower-angular-messages.git",
  "_target": "^1.6.10",
  "_originalSource": "angular-messages",
  "_direct": true
}